{
    "email": "yukiya36@yahoo.co.jp",
    "universities": {
        "公立千歳科学技術大学": {
            "B1": [
                "共通教育科"
            ],
            "B2": [
                "共通教育科",
                "応用化学生物学科",
                "電子光工学科",
                "情報システム工学科"
            ],
            "B3": [
                "応用化学生物学科",
                "電子光工学科",
                "情報システム工学科"
            ],
            "B4": [
                "応用化学生物学科",
                "電子光工学科",
                "情報システム工学科"
            ],
            "M1": [
                "理工学研究科"
            ],
            "M2": [
                "理工学研究科"
            ]
        }
    }
}