大学名,学年,所属
公立千歳科学技術大学,B1,共通教育科
公立千歳科学技術大学,B2,共通教育科
公立千歳科学技術大学,B2,応用化学生物学科
公立千歳科学技術大学,B2,電子光工学科
公立千歳科学技術大学,B2,情報システム工学科
公立千歳科学技術大学,B3,応用化学生物学科
公立千歳科学技術大学,B3,電子光工学科
公立千歳科学技術大学,B3,情報システム工学科
公立千歳科学技術大学,B4,応用化学生物学科
公立千歳科学技術大学,B4,電子光工学科
公立千歳科学技術大学,B4,情報システム工学科
公立千歳科学技術大学,M1,理工学研究科
公立千歳科学技術大学,M2,理工学研究科
